[
  {
    "value": "keyrings",
    "synonyms": [
      "keyrings",
      "keyholder",
      "key cover"
    ]
  },
  {
    "value": "keychain",
    "synonyms": [
      "keychain",
      "key cover",
      "key items"
    ]
  },
  {
    "value": "decoration",
    "synonyms": [
      "decoration"
    ]
  },
  {
    "value": "animals",
    "synonyms": [
      "animals"
    ]
  },
  {
    "value": "wearing",
    "synonyms": [
      "wearing"
    ]
  },
  {
    "value": "ornaments",
    "synonyms": [
      "ornaments"
    ]
  }
]