[
  {
    "id": "4c63285d-19a1-4504-9c91-e963e6e77849",
    "data": [
      {
        "text": "where is parcel",
        "userDefined": false
      }
    ],
    "isTemplate": false,
    "count": 0,
    "lang": "en",
    "updated": 0
  },
  {
    "id": "28699762-a732-4107-80f2-c2f1a69122fc",
    "data": [
      {
        "text": "can I know your name",
        "userDefined": false
      }
    ],
    "isTemplate": false,
    "count": 0,
    "lang": "en",
    "updated": 0
  },
  {
    "id": "7a112b2b-3275-4743-aec8-a87fba9b4913",
    "data": [
      {
        "text": "your name please",
        "userDefined": false
      }
    ],
    "isTemplate": false,
    "count": 0,
    "lang": "en",
    "updated": 0
  },
  {
    "id": "aca80715-7e22-4c76-979c-5ac440d8d509",
    "data": [
      {
        "text": "who is your master",
        "userDefined": false
      }
    ],
    "isTemplate": false,
    "count": 0,
    "lang": "en",
    "updated": 0
  },
  {
    "id": "c5f536ea-01f7-4825-b329-26fe647ff50c",
    "data": [
      {
        "text": "parshal chitrakar",
        "userDefined": false
      }
    ],
    "isTemplate": false,
    "count": 0,
    "lang": "en",
    "updated": 0
  },
  {
    "id": "200ea1a7-bd74-4d7e-8803-766ef05c657e",
    "data": [
      {
        "text": "how is ",
        "userDefined": false
      },
      {
        "text": "parshal",
        "meta": "@sys.ignore",
        "userDefined": true
      },
      {
        "text": "?",
        "userDefined": false
      }
    ],
    "isTemplate": false,
    "count": 0,
    "lang": "en",
    "updated": 0
  },
  {
    "id": "515ca308-eebe-4edd-8043-65587b5f6e44",
    "data": [
      {
        "text": "where is parshal?",
        "userDefined": false
      }
    ],
    "isTemplate": false,
    "count": 0,
    "lang": "en",
    "updated": 0
  },
  {
    "id": "c5da6538-391b-4196-82d9-5b5a9cc71ba8",
    "data": [
      {
        "text": "can i get parshal contact?",
        "userDefined": false
      }
    ],
    "isTemplate": false,
    "count": 0,
    "lang": "en",
    "updated": 0
  },
  {
    "id": "0ef09ed6-20e6-45ad-a0fb-228b6af9fcd7",
    "data": [
      {
        "text": "how can i contact you?",
        "userDefined": false
      }
    ],
    "isTemplate": false,
    "count": 0,
    "lang": "en",
    "updated": 0
  }
]