[
  {
    "id": "738f5df3-bb20-48e8-8c14-88a5418bd81b",
    "data": [
      {
        "text": "i want ",
        "userDefined": false
      },
      {
        "text": "key",
        "meta": "@sys.email",
        "alias": "email",
        "userDefined": true
      },
      {
        "text": " rings, key chain, ",
        "userDefined": false
      },
      {
        "text": "decoration",
        "meta": "@sys.ignore",
        "userDefined": true
      },
      {
        "text": ", handmade animals, wearing, ornaments",
        "userDefined": false
      }
    ],
    "isTemplate": false,
    "count": 0,
    "lang": "en",
    "updated": 0
  },
  {
    "id": "4d69e5a7-8cd6-4a93-957c-936397f66d67",
    "data": [
      {
        "text": "no",
        "meta": "@sys.ignore",
        "userDefined": true
      }
    ],
    "isTemplate": false,
    "count": 0,
    "lang": "en",
    "updated": 0
  },
  {
    "id": "0f0105cb-57ea-4b33-a38e-b7ed2cbb4053",
    "data": [
      {
        "text": "yes",
        "meta": "@sys.ignore",
        "userDefined": true
      }
    ],
    "isTemplate": false,
    "count": 0,
    "lang": "en",
    "updated": 0
  },
  {
    "id": "c0f987e2-c288-47c0-97d0-79f5efc29fca",
    "data": [
      {
        "text": "can you show me the ",
        "userDefined": false
      },
      {
        "text": "categories",
        "meta": "@items_catagory",
        "alias": "items_catagory",
        "userDefined": true
      },
      {
        "text": " of items?",
        "userDefined": false
      }
    ],
    "isTemplate": false,
    "count": 0,
    "lang": "en",
    "updated": 0
  },
  {
    "id": "b830b600-46e5-496d-ac7b-372f25d81cff",
    "data": [
      {
        "text": "can you get me ",
        "userDefined": false
      },
      {
        "text": "low budget",
        "meta": "@price",
        "alias": "price",
        "userDefined": true
      },
      {
        "text": " items?",
        "userDefined": false
      }
    ],
    "isTemplate": false,
    "count": 0,
    "lang": "en",
    "updated": 0
  },
  {
    "id": "bfd9ded9-8d49-408a-be3e-414506400c81",
    "data": [
      {
        "text": "can you send me details in my phone-number ",
        "userDefined": false
      },
      {
        "text": "9874563210",
        "meta": "@sys.phone-number",
        "alias": "phone-number",
        "userDefined": true
      }
    ],
    "isTemplate": false,
    "count": 0,
    "lang": "en",
    "updated": 0
  },
  {
    "id": "a16e1bc5-2453-4ae7-ab46-295c274a6fb2",
    "data": [
      {
        "text": "can you send me details in my ",
        "userDefined": false
      },
      {
        "text": "aasdf@gmail.com",
        "meta": "@sys.email",
        "alias": "email",
        "userDefined": true
      }
    ],
    "isTemplate": false,
    "count": 0,
    "lang": "en",
    "updated": 0
  },
  {
    "id": "a332760c-5165-4d45-ad2b-bde5cf75b676",
    "data": [
      {
        "text": "show me some new homemade items",
        "userDefined": false
      }
    ],
    "isTemplate": false,
    "count": 0,
    "lang": "en",
    "updated": 0
  },
  {
    "id": "2b11da8c-36c7-40c5-9413-fbf841ee2645",
    "data": [
      {
        "text": "what is new in homemade?",
        "userDefined": false
      }
    ],
    "isTemplate": false,
    "count": 0,
    "lang": "en",
    "updated": 0
  },
  {
    "id": "032f34cd-53b5-4c18-bfc1-a7481758735e",
    "data": [
      {
        "text": "can you show some homemade items?",
        "userDefined": false
      }
    ],
    "isTemplate": false,
    "count": 0,
    "lang": "en",
    "updated": 0
  },
  {
    "id": "152d89eb-2bbd-4c71-99c2-311eee394906",
    "data": [
      {
        "text": "what is new over here?",
        "userDefined": false
      }
    ],
    "isTemplate": false,
    "count": 0,
    "lang": "en",
    "updated": 0
  },
  {
    "id": "976e89f1-46fa-4763-a2c6-af7da9582e7b",
    "data": [
      {
        "text": "can you show me your menu?",
        "userDefined": false
      }
    ],
    "isTemplate": false,
    "count": 0,
    "lang": "en",
    "updated": 0
  },
  {
    "id": "bcb6844b-9abb-46c4-84aa-1a6adf4d94c9",
    "data": [
      {
        "text": "can you order me some food items?",
        "userDefined": false
      }
    ],
    "isTemplate": false,
    "count": 0,
    "lang": "en",
    "updated": 0
  }
]