[
  {
    "id": "8fbb3137-e980-49c0-99fc-f7ce0fc5ddee",
    "data": [
      {
        "text": "will you help me, what is there in your shop?",
        "userDefined": false
      }
    ],
    "isTemplate": false,
    "count": 0,
    "lang": "en",
    "updated": 0
  },
  {
    "id": "ac9e5857-0966-4506-ae06-0c316b0e1fef",
    "data": [
      {
        "text": "can i get the list of items?",
        "userDefined": false
      }
    ],
    "isTemplate": false,
    "count": 0,
    "lang": "en",
    "updated": 0
  },
  {
    "id": "e933b521-166e-4843-9d84-3e8d351abdef",
    "data": [
      {
        "text": "what is there in your shop?",
        "userDefined": false
      }
    ],
    "isTemplate": false,
    "count": 0,
    "lang": "en",
    "updated": 0
  },
  {
    "id": "9577f735-6dde-4d4d-9f34-503e978bc0f4",
    "data": [
      {
        "text": "what\u0027s new?",
        "userDefined": false
      }
    ],
    "isTemplate": false,
    "count": 0,
    "lang": "en",
    "updated": 0
  }
]